<?xml version="1.0" encoding="UTF-8"?>
<!-- Product Version: Vivado v2024.2 (64-bit)                                     -->
<!--                                                                              -->
<!-- Copyright 1986-2022 Xilinx, Inc. All Rights Reserved.                        -->
<!-- Copyright 2022-2024 Advanced Micro Devices, Inc. All Rights Reserved.        -->

<hwsession version="1" minor="2">
  <device name="xc7z020_1" gui_info="dashboard1=hw_vios[xc7z020_1/hw_vio_1=VIO_PROBES_1;]"/>
  <ObjectList object_type="hw_device" gui_info="">
    <Object name="xc7z020_1" gui_info="">
      <Properties Property="FULL_PROBES.FILE" value="$_project_name_.runs/impl_1/top_demo.ltx"/>
      <Properties Property="PROBES.FILE" value="$_project_name_.runs/impl_1/top_demo.ltx"/>
      <Properties Property="PROGRAM.HW_BITSTREAM" value="$_project_name_.runs/impl_1/top_demo.bit"/>
      <Properties Property="SLR.COUNT" value="1"/>
    </Object>
  </ObjectList>
  <ObjectList object_type="hw_probe" gui_info="">
    <Object name="a[7:0]" gui_info="hw_vios/hw_vio_1=7"/>
    <Object name="b[7:0]" gui_info="hw_vios/hw_vio_1=8"/>
    <Object name="c[7:0]" gui_info="hw_vios/hw_vio_1=9"/>
    <Object name="d[7:0]" gui_info="hw_vios/hw_vio_1=10"/>
    <Object name="expected_im[16:0]" gui_info="hw_vios/hw_vio_1=0"/>
    <Object name="expected_re[16:0]" gui_info="hw_vios/hw_vio_1=1"/>
    <Object name="im_part[16:0]" gui_info="hw_vios/hw_vio_1=2"/>
    <Object name="match_both" gui_info="hw_vios/hw_vio_1=4"/>
    <Object name="match_im" gui_info="hw_vios/hw_vio_1=5"/>
    <Object name="match_re" gui_info="hw_vios/hw_vio_1=6"/>
    <Object name="re_part[16:0]" gui_info="hw_vios/hw_vio_1=3"/>
  </ObjectList>
  <ObjectList object_type="hw_vio" gui_info="">
    <Object name="hw_vio_1" gui_info="hw_vios/hw_vio_1/TablePreference=5	536	Name	0	2147483647	15	183	183	Value	1	2147483647	15	111	111	Activity	2	2147483647	15	83	83	Direction	3	2147483647	15	80	80	VIO	4	2147483647	15	79	79			1	6	1	Name	Value	Activity	Direction	VIO"/>
  </ObjectList>
  <probeset name="hw project" active="false">
    <probe type="vio_input" busType="bus" source="netlist" spec="VIO_INPUT_V2_RT">
      <probeOptions Id="DebugProbeParams">
        <Option Id="ACTIVITY_PERSISTENCE" value="SHORT"/>
        <Option Id="DISPLAY_HINT" value=""/>
        <Option Id="DISPLAY_VISIBILITY" value=""/>
        <Option Id="HW_VIO" value="hw_vio_1"/>
        <Option Id="INPUT_VALUE_RADIX" value="SIGNED"/>
        <Option Id="NAME.CUSTOM" value=""/>
        <Option Id="NAME.SELECT" value="Long"/>
        <Option Id="SOURCE" value="netlist"/>
      </probeOptions>
      <nets>
        <net name="expected_im[16]"/>
        <net name="expected_im[15]"/>
        <net name="expected_im[14]"/>
        <net name="expected_im[13]"/>
        <net name="expected_im[12]"/>
        <net name="expected_im[11]"/>
        <net name="expected_im[10]"/>
        <net name="expected_im[9]"/>
        <net name="expected_im[8]"/>
        <net name="expected_im[7]"/>
        <net name="expected_im[6]"/>
        <net name="expected_im[5]"/>
        <net name="expected_im[4]"/>
        <net name="expected_im[3]"/>
        <net name="expected_im[2]"/>
        <net name="expected_im[1]"/>
        <net name="expected_im[0]"/>
      </nets>
    </probe>
    <probe type="vio_input" busType="bus" source="netlist" spec="VIO_INPUT_V2_RT">
      <probeOptions Id="DebugProbeParams">
        <Option Id="ACTIVITY_PERSISTENCE" value="SHORT"/>
        <Option Id="DISPLAY_HINT" value=""/>
        <Option Id="DISPLAY_VISIBILITY" value=""/>
        <Option Id="HW_VIO" value="hw_vio_1"/>
        <Option Id="INPUT_VALUE_RADIX" value="SIGNED"/>
        <Option Id="NAME.CUSTOM" value=""/>
        <Option Id="NAME.SELECT" value="Long"/>
        <Option Id="SOURCE" value="netlist"/>
      </probeOptions>
      <nets>
        <net name="expected_re[16]"/>
        <net name="expected_re[15]"/>
        <net name="expected_re[14]"/>
        <net name="expected_re[13]"/>
        <net name="expected_re[12]"/>
        <net name="expected_re[11]"/>
        <net name="expected_re[10]"/>
        <net name="expected_re[9]"/>
        <net name="expected_re[8]"/>
        <net name="expected_re[7]"/>
        <net name="expected_re[6]"/>
        <net name="expected_re[5]"/>
        <net name="expected_re[4]"/>
        <net name="expected_re[3]"/>
        <net name="expected_re[2]"/>
        <net name="expected_re[1]"/>
        <net name="expected_re[0]"/>
      </nets>
    </probe>
    <probe type="vio_input" busType="bus" source="netlist" spec="VIO_INPUT_V2_RT">
      <probeOptions Id="DebugProbeParams">
        <Option Id="ACTIVITY_PERSISTENCE" value="SHORT"/>
        <Option Id="DISPLAY_HINT" value=""/>
        <Option Id="DISPLAY_VISIBILITY" value=""/>
        <Option Id="HW_VIO" value="hw_vio_1"/>
        <Option Id="INPUT_VALUE_RADIX" value="SIGNED"/>
        <Option Id="NAME.CUSTOM" value=""/>
        <Option Id="NAME.SELECT" value="Long"/>
        <Option Id="SOURCE" value="netlist"/>
      </probeOptions>
      <nets>
        <net name="im_part[16]"/>
        <net name="im_part[15]"/>
        <net name="im_part[14]"/>
        <net name="im_part[13]"/>
        <net name="im_part[12]"/>
        <net name="im_part[11]"/>
        <net name="im_part[10]"/>
        <net name="im_part[9]"/>
        <net name="im_part[8]"/>
        <net name="im_part[7]"/>
        <net name="im_part[6]"/>
        <net name="im_part[5]"/>
        <net name="im_part[4]"/>
        <net name="im_part[3]"/>
        <net name="im_part[2]"/>
        <net name="im_part[1]"/>
        <net name="im_part[0]"/>
      </nets>
    </probe>
    <probe type="vio_input" busType="net" source="netlist" spec="VIO_INPUT_V2_RT">
      <probeOptions Id="DebugProbeParams">
        <Option Id="ACTIVITY_PERSISTENCE" value="SHORT"/>
        <Option Id="DISPLAY_HINT" value="InputDisplay:LED;LED_Low:255,0,0,;LED_High:0,255,0,;"/>
        <Option Id="DISPLAY_VISIBILITY" value=""/>
        <Option Id="HW_VIO" value="hw_vio_1"/>
        <Option Id="INPUT_VALUE_RADIX" value="SIGNED"/>
        <Option Id="NAME.CUSTOM" value=""/>
        <Option Id="NAME.SELECT" value="Long"/>
        <Option Id="SOURCE" value="netlist"/>
      </probeOptions>
      <nets>
        <net name="match_both"/>
      </nets>
    </probe>
    <probe type="vio_input" busType="net" source="netlist" spec="VIO_INPUT_V2_RT">
      <probeOptions Id="DebugProbeParams">
        <Option Id="ACTIVITY_PERSISTENCE" value="SHORT"/>
        <Option Id="DISPLAY_HINT" value="InputDisplay:LED;LED_Low:255,0,0,;LED_High:0,255,0,;"/>
        <Option Id="DISPLAY_VISIBILITY" value=""/>
        <Option Id="HW_VIO" value="hw_vio_1"/>
        <Option Id="INPUT_VALUE_RADIX" value="SIGNED"/>
        <Option Id="NAME.CUSTOM" value=""/>
        <Option Id="NAME.SELECT" value="Long"/>
        <Option Id="SOURCE" value="netlist"/>
      </probeOptions>
      <nets>
        <net name="match_im"/>
      </nets>
    </probe>
    <probe type="vio_input" busType="net" source="netlist" spec="VIO_INPUT_V2_RT">
      <probeOptions Id="DebugProbeParams">
        <Option Id="ACTIVITY_PERSISTENCE" value="SHORT"/>
        <Option Id="DISPLAY_HINT" value="InputDisplay:LED;LED_Low:255,0,0,;LED_High:0,255,0,;"/>
        <Option Id="DISPLAY_VISIBILITY" value=""/>
        <Option Id="HW_VIO" value="hw_vio_1"/>
        <Option Id="INPUT_VALUE_RADIX" value="SIGNED"/>
        <Option Id="NAME.CUSTOM" value=""/>
        <Option Id="NAME.SELECT" value="Long"/>
        <Option Id="SOURCE" value="netlist"/>
      </probeOptions>
      <nets>
        <net name="match_re"/>
      </nets>
    </probe>
    <probe type="vio_input" busType="bus" source="netlist" spec="VIO_INPUT_V2_RT">
      <probeOptions Id="DebugProbeParams">
        <Option Id="ACTIVITY_PERSISTENCE" value="SHORT"/>
        <Option Id="DISPLAY_HINT" value=""/>
        <Option Id="DISPLAY_VISIBILITY" value=""/>
        <Option Id="HW_VIO" value="hw_vio_1"/>
        <Option Id="INPUT_VALUE_RADIX" value="SIGNED"/>
        <Option Id="NAME.CUSTOM" value=""/>
        <Option Id="NAME.SELECT" value="Long"/>
        <Option Id="SOURCE" value="netlist"/>
      </probeOptions>
      <nets>
        <net name="re_part[16]"/>
        <net name="re_part[15]"/>
        <net name="re_part[14]"/>
        <net name="re_part[13]"/>
        <net name="re_part[12]"/>
        <net name="re_part[11]"/>
        <net name="re_part[10]"/>
        <net name="re_part[9]"/>
        <net name="re_part[8]"/>
        <net name="re_part[7]"/>
        <net name="re_part[6]"/>
        <net name="re_part[5]"/>
        <net name="re_part[4]"/>
        <net name="re_part[3]"/>
        <net name="re_part[2]"/>
        <net name="re_part[1]"/>
        <net name="re_part[0]"/>
      </nets>
    </probe>
    <probe type="vio_output" busType="bus" source="netlist" spec="VIO_OUTPUT_V2_RT">
      <probeOptions Id="DebugProbeParams">
        <Option Id="DISPLAY_HINT" value=""/>
        <Option Id="DISPLAY_VISIBILITY" value=""/>
        <Option Id="HW_VIO" value="hw_vio_1"/>
        <Option Id="NAME.CUSTOM" value=""/>
        <Option Id="NAME.SELECT" value="Long"/>
        <Option Id="OUTPUT_VALUE" value="19"/>
        <Option Id="OUTPUT_VALUE_RADIX" value="SIGNED"/>
        <Option Id="SOURCE" value="netlist"/>
      </probeOptions>
      <nets>
        <net name="a[7]"/>
        <net name="a[6]"/>
        <net name="a[5]"/>
        <net name="a[4]"/>
        <net name="a[3]"/>
        <net name="a[2]"/>
        <net name="a[1]"/>
        <net name="a[0]"/>
      </nets>
    </probe>
    <probe type="vio_output" busType="bus" source="netlist" spec="VIO_OUTPUT_V2_RT">
      <probeOptions Id="DebugProbeParams">
        <Option Id="DISPLAY_HINT" value=""/>
        <Option Id="DISPLAY_VISIBILITY" value=""/>
        <Option Id="HW_VIO" value="hw_vio_1"/>
        <Option Id="NAME.CUSTOM" value=""/>
        <Option Id="NAME.SELECT" value="Long"/>
        <Option Id="OUTPUT_VALUE" value="-128"/>
        <Option Id="OUTPUT_VALUE_RADIX" value="SIGNED"/>
        <Option Id="SOURCE" value="netlist"/>
      </probeOptions>
      <nets>
        <net name="b[7]"/>
        <net name="b[6]"/>
        <net name="b[5]"/>
        <net name="b[4]"/>
        <net name="b[3]"/>
        <net name="b[2]"/>
        <net name="b[1]"/>
        <net name="b[0]"/>
      </nets>
    </probe>
    <probe type="vio_output" busType="bus" source="netlist" spec="VIO_OUTPUT_V2_RT">
      <probeOptions Id="DebugProbeParams">
        <Option Id="DISPLAY_HINT" value=""/>
        <Option Id="DISPLAY_VISIBILITY" value=""/>
        <Option Id="HW_VIO" value="hw_vio_1"/>
        <Option Id="NAME.CUSTOM" value=""/>
        <Option Id="NAME.SELECT" value="Long"/>
        <Option Id="OUTPUT_VALUE" value="64"/>
        <Option Id="OUTPUT_VALUE_RADIX" value="SIGNED"/>
        <Option Id="SOURCE" value="netlist"/>
      </probeOptions>
      <nets>
        <net name="c[7]"/>
        <net name="c[6]"/>
        <net name="c[5]"/>
        <net name="c[4]"/>
        <net name="c[3]"/>
        <net name="c[2]"/>
        <net name="c[1]"/>
        <net name="c[0]"/>
      </nets>
    </probe>
    <probe type="vio_output" busType="bus" source="netlist" spec="VIO_OUTPUT_V2_RT">
      <probeOptions Id="DebugProbeParams">
        <Option Id="DISPLAY_HINT" value=""/>
        <Option Id="DISPLAY_VISIBILITY" value=""/>
        <Option Id="HW_VIO" value="hw_vio_1"/>
        <Option Id="NAME.CUSTOM" value=""/>
        <Option Id="NAME.SELECT" value="Long"/>
        <Option Id="OUTPUT_VALUE" value="2"/>
        <Option Id="OUTPUT_VALUE_RADIX" value="SIGNED"/>
        <Option Id="SOURCE" value="netlist"/>
      </probeOptions>
      <nets>
        <net name="d[7]"/>
        <net name="d[6]"/>
        <net name="d[5]"/>
        <net name="d[4]"/>
        <net name="d[3]"/>
        <net name="d[2]"/>
        <net name="d[1]"/>
        <net name="d[0]"/>
      </nets>
    </probe>
  </probeset>
</hwsession>
