<?xml version="1.0" encoding="UTF-8"?>
<GenRun Id="synth_1" LaunchPart="xc7z020clg484-1" LaunchTime="1764556526" LaunchIncrCheckpoint="$PSRCDIR/utils_1/imports/synth_1/top_demo.dcp">
  <File Type="REPORTS-TCL" Name="top_demo_reports.tcl"/>
  <File Type="RDS-UTIL" Name="top_demo_utilization_synth.rpt"/>
  <File Type="RDS-UTIL-PB" Name="top_demo_utilization_synth.pb"/>
  <File Type="PA-TCL" Name="top_demo.tcl"/>
  <File Type="RDS-RDS" Name="top_demo.vds"/>
  <File Type="RDS-DCP" Name="top_demo.dcp"/>
  <FileSet Name="sources" Type="DesignSrcs" RelSrcDir="$PSRCDIR/sources_1" RelGenDir="$PGENDIR/sources_1">
    <Filter Type="Srcs"/>
    <File Path="$PSRCDIR/sources_1/ip/vio_0/vio_0.xci">
      <FileInfo>
        <Attr Name="ImportPath" Val="$PPRDIR/../../Downloads/Complex_Multiplication_Radix4_MBE_working.xpr/Complex_Multiplication_Radix4_MBE/Complex_Multiplication_Radix4_MBE.srcs/sources_1/ip/vio_0/vio_0.xci"/>
        <Attr Name="ImportTime" Val="1764581288"/>
        <Attr Name="UsedIn" Val="synthesis"/>
        <Attr Name="UsedIn" Val="implementation"/>
        <Attr Name="UsedIn" Val="simulation"/>
      </FileInfo>
    </File>
    <File Path="$PSRCDIR/sources_1/imports/sources_1/new/booth_encoder_ppg.v">
      <FileInfo>
        <Attr Name="ImportPath" Val="$PPRDIR/../../Downloads/Complex_Multiplication_Radix4_MBE_working.xpr/Complex_Multiplication_Radix4_MBE/Complex_Multiplication_Radix4_MBE.srcs/sources_1/new/booth_encoder_ppg.v"/>
        <Attr Name="ImportTime" Val="1764482588"/>
        <Attr Name="UsedIn" Val="synthesis"/>
        <Attr Name="UsedIn" Val="implementation"/>
        <Attr Name="UsedIn" Val="simulation"/>
      </FileInfo>
    </File>
    <File Path="$PSRCDIR/sources_1/imports/sources_1/new/booth_encoder_unit_ppg.v">
      <FileInfo>
        <Attr Name="ImportPath" Val="$PPRDIR/../../Downloads/Complex_Multiplication_Radix4_MBE_working.xpr/Complex_Multiplication_Radix4_MBE/Complex_Multiplication_Radix4_MBE.srcs/sources_1/new/booth_encoder_unit_ppg.v"/>
        <Attr Name="ImportTime" Val="1764482588"/>
        <Attr Name="UsedIn" Val="synthesis"/>
        <Attr Name="UsedIn" Val="implementation"/>
        <Attr Name="UsedIn" Val="simulation"/>
      </FileInfo>
    </File>
    <File Path="$PSRCDIR/sources_1/new/clk_divider.v">
      <FileInfo>
        <Attr Name="UsedIn" Val="synthesis"/>
        <Attr Name="UsedIn" Val="implementation"/>
        <Attr Name="UsedIn" Val="simulation"/>
      </FileInfo>
    </File>
    <File Path="$PSRCDIR/sources_1/imports/sources_1/new/csat.v">
      <FileInfo>
        <Attr Name="ImportPath" Val="$PPRDIR/../../Downloads/Complex_Multiplication_Radix4_MBE_working.xpr/Complex_Multiplication_Radix4_MBE/Complex_Multiplication_Radix4_MBE.srcs/sources_1/new/csat.v"/>
        <Attr Name="ImportTime" Val="1764482588"/>
        <Attr Name="UsedIn" Val="synthesis"/>
        <Attr Name="UsedIn" Val="implementation"/>
        <Attr Name="UsedIn" Val="simulation"/>
      </FileInfo>
    </File>
    <File Path="$PSRCDIR/sources_1/imports/sources_1/new/csat_32.v">
      <FileInfo>
        <Attr Name="ImportPath" Val="$PPRDIR/../../Downloads/Complex_Multiplication_Radix4_MBE_working.xpr/Complex_Multiplication_Radix4_MBE/Complex_Multiplication_Radix4_MBE.srcs/sources_1/new/csat_32.v"/>
        <Attr Name="ImportTime" Val="1764482588"/>
        <Attr Name="UsedIn" Val="synthesis"/>
        <Attr Name="UsedIn" Val="implementation"/>
        <Attr Name="UsedIn" Val="simulation"/>
      </FileInfo>
    </File>
    <File Path="$PSRCDIR/sources_1/imports/sources_1/new/csat_64.v">
      <FileInfo>
        <Attr Name="ImportPath" Val="$PPRDIR/../../Downloads/Complex_Multiplication_Radix4_MBE_working.xpr/Complex_Multiplication_Radix4_MBE/Complex_Multiplication_Radix4_MBE.srcs/sources_1/new/csat_64.v"/>
        <Attr Name="ImportTime" Val="1764482588"/>
        <Attr Name="UsedIn" Val="synthesis"/>
        <Attr Name="UsedIn" Val="implementation"/>
        <Attr Name="UsedIn" Val="simulation"/>
      </FileInfo>
    </File>
    <File Path="$PSRCDIR/sources_1/imports/sources_1/imports/Downloads/csat_m8.v">
      <FileInfo>
        <Attr Name="ImportPath" Val="$PPRDIR/../../Downloads/Complex_Multiplication_Radix4_MBE_working.xpr/Complex_Multiplication_Radix4_MBE/Complex_Multiplication_Radix4_MBE.srcs/sources_1/imports/Downloads/csat_m8.v"/>
        <Attr Name="ImportTime" Val="1764482588"/>
        <Attr Name="UsedIn" Val="synthesis"/>
        <Attr Name="UsedIn" Val="implementation"/>
        <Attr Name="UsedIn" Val="simulation"/>
      </FileInfo>
    </File>
    <File Path="$PSRCDIR/sources_1/imports/sources_1/new/ksa.v">
      <FileInfo>
        <Attr Name="ImportPath" Val="$PPRDIR/../../Downloads/Complex_Multiplication_Radix4_MBE_working.xpr/Complex_Multiplication_Radix4_MBE/Complex_Multiplication_Radix4_MBE.srcs/sources_1/new/ksa.v"/>
        <Attr Name="ImportTime" Val="1764482588"/>
        <Attr Name="UsedIn" Val="synthesis"/>
        <Attr Name="UsedIn" Val="implementation"/>
        <Attr Name="UsedIn" Val="simulation"/>
      </FileInfo>
    </File>
    <File Path="$PSRCDIR/sources_1/imports/sources_1/new/nppg_matrix_generator.v">
      <FileInfo>
        <Attr Name="ImportPath" Val="$PPRDIR/../../Downloads/Complex_Multiplication_Radix4_MBE_working.xpr/Complex_Multiplication_Radix4_MBE/Complex_Multiplication_Radix4_MBE.srcs/sources_1/new/nppg_matrix_generator.v"/>
        <Attr Name="ImportTime" Val="1764482588"/>
        <Attr Name="UsedIn" Val="synthesis"/>
        <Attr Name="UsedIn" Val="implementation"/>
        <Attr Name="UsedIn" Val="simulation"/>
      </FileInfo>
    </File>
    <File Path="$PSRCDIR/sources_1/imports/sources_1/new/ppg_matrix_generator.v">
      <FileInfo>
        <Attr Name="ImportPath" Val="$PPRDIR/../../Downloads/Complex_Multiplication_Radix4_MBE_working.xpr/Complex_Multiplication_Radix4_MBE/Complex_Multiplication_Radix4_MBE.srcs/sources_1/new/ppg_matrix_generator.v"/>
        <Attr Name="ImportTime" Val="1764482588"/>
        <Attr Name="UsedIn" Val="synthesis"/>
        <Attr Name="UsedIn" Val="implementation"/>
        <Attr Name="UsedIn" Val="simulation"/>
      </FileInfo>
    </File>
    <File Path="$PSRCDIR/sources_1/imports/sources_1/new/ppg_unit.v">
      <FileInfo>
        <Attr Name="ImportPath" Val="$PPRDIR/../../Downloads/Complex_Multiplication_Radix4_MBE_working.xpr/Complex_Multiplication_Radix4_MBE/Complex_Multiplication_Radix4_MBE.srcs/sources_1/new/ppg_unit.v"/>
        <Attr Name="ImportTime" Val="1764482588"/>
        <Attr Name="UsedIn" Val="synthesis"/>
        <Attr Name="UsedIn" Val="implementation"/>
        <Attr Name="UsedIn" Val="simulation"/>
      </FileInfo>
    </File>
    <File Path="$PSRCDIR/sources_1/imports/sources_1/new/top_16bit.v">
      <FileInfo>
        <Attr Name="ImportPath" Val="$PPRDIR/../../Downloads/Complex_Multiplication_Radix4_MBE_working.xpr/Complex_Multiplication_Radix4_MBE/Complex_Multiplication_Radix4_MBE.srcs/sources_1/new/top_16bit.v"/>
        <Attr Name="ImportTime" Val="1764482588"/>
        <Attr Name="UsedIn" Val="synthesis"/>
        <Attr Name="UsedIn" Val="implementation"/>
        <Attr Name="UsedIn" Val="simulation"/>
      </FileInfo>
    </File>
    <File Path="$PSRCDIR/sources_1/imports/sources_1/new/top_demo.v">
      <FileInfo>
        <Attr Name="ImportPath" Val="$PPRDIR/../../Downloads/Complex_Multiplication_Radix4_MBE_working.xpr/Complex_Multiplication_Radix4_MBE/Complex_Multiplication_Radix4_MBE.srcs/sources_1/new/top_demo.v"/>
        <Attr Name="ImportTime" Val="1764556362"/>
        <Attr Name="UsedIn" Val="synthesis"/>
        <Attr Name="UsedIn" Val="implementation"/>
        <Attr Name="UsedIn" Val="simulation"/>
      </FileInfo>
    </File>
    <Config>
      <Option Name="DesignMode" Val="RTL"/>
      <Option Name="TopModule" Val="top_demo"/>
      <Option Name="TopAutoSet" Val="TRUE"/>
    </Config>
  </FileSet>
  <FileSet Name="constrs_in" Type="Constrs" RelSrcDir="$PSRCDIR/constrs_1" RelGenDir="$PGENDIR/constrs_1">
    <Filter Type="Constrs"/>
    <File Path="$PSRCDIR/constrs_1/imports/new/hardware_constraints.xdc">
      <FileInfo>
        <Attr Name="ImportPath" Val="$PPRDIR/../../Downloads/Complex_Multiplication_Radix4_MBE_working.xpr/Complex_Multiplication_Radix4_MBE/Complex_Multiplication_Radix4_MBE.srcs/constrs_32bit/new/hardware_constraints.xdc"/>
        <Attr Name="ImportTime" Val="1764556515"/>
        <Attr Name="UsedIn" Val="synthesis"/>
        <Attr Name="UsedIn" Val="implementation"/>
      </FileInfo>
    </File>
    <Config>
      <Option Name="TargetConstrsFile" Val="$PSRCDIR/constrs_1/imports/new/hardware_constraints.xdc"/>
      <Option Name="ConstrsType" Val="XDC"/>
    </Config>
  </FileSet>
  <FileSet Name="utils" Type="Utils" RelSrcDir="$PSRCDIR/utils_1" RelGenDir="$PGENDIR/utils_1">
    <Filter Type="Utils"/>
    <File Path="$PSRCDIR/utils_1/imports/synth_1/top_demo.dcp">
      <FileInfo>
        <Attr Name="UsedIn" Val="synthesis"/>
        <Attr Name="UsedIn" Val="implementation"/>
        <Attr Name="UsedInSteps" Val="synth_1"/>
        <Attr Name="AutoDcp" Val="1"/>
      </FileInfo>
    </File>
    <Config>
      <Option Name="TopAutoSet" Val="TRUE"/>
    </Config>
  </FileSet>
  <Strategy Version="1" Minor="2">
    <StratHandle Name="Vivado Synthesis Defaults" Flow="Vivado Synthesis 2024"/>
    <Step Id="synth_design"/>
  </Strategy>
</GenRun>
